Roi,Source_Name,Cell_ID,Centroids_RAW_X,Centroids_RAW_Y,Centroids_RAW_Z,Centroids_TFOR_X,Centroids_TFOR_Y,Centroids_TFOR_Z,Longest_Extension,Major_Axis_Length,Major\Medium_Axis_Eccentricity,Major\Minor_Axis_Eccentricity,Medium_Axis_Length,Medium\Minor_Axis_Eccentricity,Minor_Axis_Length,Orientation_along_X,Orientation_along_Y,Orientation_along_Z,Roundness_(Smoothness),Sphericity,Surface_Area,Volume,X_Axis_Length,Y_Axis_Length,Y\X_Aspect_Ratio,Z_Axis_Length,Z\X_Aspect_Ratio,Z\Y_Aspect_Ratio,Roi Name
1441923,15999C80F3,1,94.90704273504274,43.14597313797314,1.1925339366515837,-64.47317460713303,-6.446581859279995,-12.052526468848626,4.815270887426385,7.6439352589739515,0.18651653010195765,0.7842893144509995,7.509798128060527,0.7753950024932978,4.7422611568726305,-0.8396045097585575,0.09194160001198062,0.5353606348811327,0.7948456428339546,0.7534474421791284,134.3204959086367,97.77705209999998,7.7323579807650304,7.139176470099704,0.9232858188742784,6.869735952388663,0.8884399777503549,0.96225887974061,
1441924,15999C80F3,2,94.23429115345536,44.271497210388404,6.051279166146772,-64.98019404076254,-2.5759851094776325,-8.876331193428964,6.539997368716958,11.24271570889488,0.5929382282580887,0.8535112606417915,9.053173752524103,0.7624067681156238,5.858291316732313,-0.3861528421264983,0.53145156820391,0.7539530576708555,0.8968856324935783,0.8537770334417962,256.18461568066414,262.65366179999995,8.225153022394727,8.803906067285851,1.070363802754228,9.580109513225064,1.1647332866806464,1.0881658027705998,
1441925,15999C80F3,3,110.55701459728122,46.620715345176315,6.578005299550009,-48.59552276118214,-3.374731598604889,-7.106552112795327,6.841225570914121,11.004383822008712,0.39133750123803135,0.6718800598123487,10.126753704960937,0.5934797834405997,8.150506547396285,-0.4015423712763289,0.7049578343451754,0.5846350792290373,0.8401218399434535,0.8540591670075361,303.78836557968464,298.60052219999994,7.836672423000124,10.491012989572287,1.3387076074255504,8.958671283760594,1.143172867283246,0.8539376791035538,
1441926,15999C80F3,4,117.29779025781662,48.4973431451898,7.438002019471794,-41.62587409383101,-2.612291637735201,-6.37030112061541,7.601694239694856,11.880276486519591,0.6512590896739725,0.8084676214361313,9.015412591570824,0.6312694528538555,6.9920257302057305,-0.432987250632772,0.5739759467633684,0.6950350015118433,0.8575716624132738,0.8245480763840213,293.74260166892446,297.90527489999994,8.309621699423346,10.254588623643432,1.2340620300867682,10.624338322346253,1.2785586043084898,1.0360569996782036,
1441927,15999C80F3,5,87.52492336290987,41.034640463003775,6.9927952703091165,-72.29736287690004,-3.3539469347342434,-7.381966462783476,8.122459308126013,13.295283086954253,0.5760390667850613,0.9091194577233856,10.867859066554814,0.8604279906776731,5.5379572099757945,-0.9231034667723876,0.2798223672809412,0.26377913564588384,0.8250426354227174,0.7890441833171951,299.9564787773956,244.3010058,11.692058095652056,10.805180247699028,0.924146985868738,8.153952609020989,0.6973924130648315,0.7546336499807468,
1441928,15999C80F3,6,100.22523522242537,48.03837256832138,7.680470397974969,-58.29868081505843,0.2640098807666433,-8.712519289942524,8.244449473078276,14.331761553137751,0.7024975874927032,0.9008224596666128,10.199715834605275,0.7923374882753734,6.222673551374672,-0.7589211838055413,0.1826171044320399,0.6250517018135805,0.8421991609479369,0.7731711524815981,327.9611987145152,299.63051819999987,12.378084853881777,9.346970319478869,0.7551224951045358,10.57278102919011,0.8541532195002267,1.131145244695672,
1441929,15999C80F3,7,93.02416445090523,47.34266308973172,9.150796881194662,-65.48920593995847,1.887751602896062,-8.311142720751532,7.955893090209668,15.2197972353494,0.8185233458718885,0.9228942966255368,8.743366611262742,0.7421154404594669,5.860434601723106,0.6906994266446084,-0.3153885387199249,-0.6507414015389829,0.8457834533937993,0.7196740591490616,314.4108151499805,265.7038544999999,11.215496017708453,8.100054042990019,0.7222198670661221,13.128276512588869,1.1705480071376493,1.6207640644015693,
1441930,15999C80F3,8,83.2197983049128,42.81717414761461,8.045473849729321,-76.06663756399449,-0.5497114473174172,-8.247120759818422,8.84133458078727,16.213651541696905,0.8781881209462725,0.9498594702879184,7.755239262485553,0.7567495535393812,5.069638007007218,-0.6572393815819826,0.4009088602058897,0.6382072399355457,0.8693390554983105,0.7344717886623902,292.08642204775884,253.82612789999996,12.922960593803142,9.228513964416537,0.7141176278786939,10.809572896460626,0.8364625751195177,1.171323242088636,
1441931,15999C80F3,9,112.2337274237288,50.82422806779661,8.218729449152544,-45.99165193380753,0.597965516732371,-7.887830034428921,7.225888678460975,12.041253202246967,0.2469758944050404,0.8444349909552586,11.668234731814024,0.8333256713693501,6.449994204483447,-0.06621202858054008,0.20835104927808396,0.9758103337923671,0.8227338081677678,0.7791964287153031,321.623135236331,276.22619999999995,12.429001014227502,7.989282184630399,0.6427935902076967,11.723908750576197,0.9432703993793076,1.4674545822314786,
1441932,15999C80F3,10,104.5631616726268,45.47969031358525,7.114261577092397,-54.69899500893633,-2.870769443015945,-7.009441521520777,7.326234429963952,12.579341586829964,0.6745297024276273,0.8371104535970064,9.286670113162195,0.6715164637257847,6.881326296062304,-0.41275603463857,0.7204565740536147,0.5572923656146495,0.8798533212818915,0.8152388677962905,342.48218133251703,362.64754619999985,9.755514068351788,11.649356435034731,1.1941304531379668,8.487301555958537,0.8700004424669427,0.7285639857695054,
1441933,15999C80F3,11,122.81723248478028,52.1932954129915,8.084102188021138,-35.39287513359013,-0.32182250103323273,-7.03755383579135,6.653844761233426,10.724479260504069,0.3788676220970417,0.6962714492901575,9.924978732288018,0.6312262206076398,7.697801337935727,-0.7089482405401987,0.21468316701097487,0.6717912845795891,0.8674269727639294,0.8521520690003961,330.03354792934084,349.52680169999985,11.22456066849165,9.64698334061324,0.8594530891256341,10.317142019306194,0.9191577580641836,1.0694682114637462,
1441934,15999C80F3,12,74.21572526572385,35.5046591333011,7.7945922607005045,-86.56769057481894,-4.823548064302597,-5.783108800331418,7.351422557937446,11.378520108784945,0.6606093293848009,0.7898040388816441,8.542194741844972,0.5766131932803235,6.979120658408037,-0.13606299710294464,0.8628766261133064,0.4867553686675488,0.8408581440994198,0.8268157892193282,263.8741763664835,237.19637429999997,10.212166061570343,10.509043842430193,1.0290709903334845,7.449586977161609,0.7294815744521953,0.7088739079271849,
1441935,15999C80F3,13,76.87426806099262,38.91572761367681,8.308377590407622,-83.17457152444541,-2.3167421129168053,-6.8647188821999325,9.268334463229142,16.125431047189988,0.7577178620712023,0.927751062457854,10.523170674009414,0.8203363533222193,6.018004949577218,-0.6769437490374609,0.6469225542266006,0.35105322883009976,0.7854474858938879,0.7269863674267544,331.54351947642044,256.5322082999999,12.26316620468866,12.040773479641066,0.9818649832077976,8.44551979055839,0.6886899883432516,0.7014100717730761,
1441936,15999C80F3,14,75.25945864011564,42.26943332297592,8.257558665784035,-83.92428287637033,0.5869434665072357,-9.07018412973348,6.905980232381588,11.654703354967639,0.6598476754630458,0.9218653098600188,8.757337006239467,0.8567581843464539,4.516319366023691,-0.7117411324669783,0.43738342763433596,0.5496547075987458,0.8548715628530357,0.7876390750064766,227.1668959920464,173.27575889999997,9.696704394904742,8.095514988413107,0.834872824695677,8.606238590831067,0.8875426372029372,1.0630872283170305,
1441937,15999C80F3,15,98.23138705207941,41.08157652995728,8.405789048493839,-61.94138070195726,-4.4254232489604135,-4.5126998597305095,7.516541999389683,12.927782960314303,0.5460317350023286,0.7344991132716353,10.830437526859217,0.5863962278438831,8.772918227397778,-0.5503472334820096,0.6750290510853095,0.491379387835474,0.9126469297535929,0.9059634175641688,403.61725190436715,528.8210144999998,10.306482309363282,10.307221974570707,1.0000717669894756,11.989936142100312,1.163339322011705,1.1632558386421756,
1441938,15999C80F3,16,130.38521893015871,53.049975708140714,8.350639646955932,-27.85324901562337,-0.8621145252059712,-6.067252484441023,6.310849473389577,10.072378546041056,0.26764540055832103,0.7789625995811786,10.453757950836463,0.7592374579929134,6.555242028843329,-0.6681969796744502,0.5985469290380849,0.44187596686516,0.8580418028432677,0.8347701234742091,271.62696929304957,262.3072086,10.46374249626836,8.916184240668294,0.8521027962842201,8.10902141242257,0.7749637775694934,0.9094721680868691,
1441939,15999C80F3,17,83.29480820655232,37.374751409453815,13.42919379840322,-77.45811936853497,-1.677364889385299,-0.8038547875339379,10.481247977188856,18.209852520925168,0.4664616261683479,0.8653520048194849,16.107369091119736,0.824005909733728,9.126132572887759,-0.9383040282935458,0.3455835999482251,-0.012550933627815524,0.8279353670927363,0.7927248970881317,598.5453451489714,782.2632347999999,16.378087900446644,14.020819496171665,0.8560718187249017,14.705673946293226,0.897887105972376,1.0488455364758498,
1441940,15999C80F3,18,69.2786594643366,36.9491286446956,8.491767974166587,-91.02250520480342,-2.380396826662966,-6.847441227028393,8.039945008427559,13.330199190442741,0.7299017073989522,0.8280757246629044,9.111885885248322,0.5721464787622088,7.473126453811583,0.12225145991445475,0.5984432569796635,0.7917829555657011,0.8208699184127535,0.7785091815497199,316.6939352661797,295.76803319999993,9.004162393729104,12.111730760179563,1.3451257574624271,10.396331644790862,1.15461396520695,0.8583687873058972,
1441941,15999C80F3,19,70.62010426573673,44.31283271689739,9.599566733593996,-87.96190359803843,3.8276347954599905,-9.904219120978569,7.6066017623530175,13.006725586988725,0.7309279848367354,0.9035024798641582,8.876499707028664,0.7782117155494725,5.574459666382842,0.8748006505247629,-0.4051122586418455,-0.26572143259352266,0.8279369748497398,0.7703924000729878,254.99830893140927,199.3674303,12.020376369045765,8.886091722893378,0.7392523703148239,8.982779168036268,0.7472959990810477,1.010880761549399,
1441942,15999C80F3,20,87.90172476325243,45.928479394796994,9.37769484053554,-70.80589447979712,1.8363988967264468,-8.166324108238102,7.564939648911693,13.469545247926161,0.8574888700563473,0.8829572005082132,6.930114903191397,0.4092069692672893,6.323325065485013,-0.6987063593646966,0.10125598004412044,0.7082066434937166,0.8407570040260012,0.7540184243903958,252.06307057148888,215.058483,9.293043992810297,8.640354319622297,0.9297657824827944,10.152649296690461,1.0924998638277412,1.175026963145913,
1441943,15999C80F3,21,91.30586319047664,38.33708014999485,8.849493627088847,-69.33540430914516,-5.069755207102325,-3.734711354425052,6.2703414819987415,11.106819744268416,0.7603512911717019,0.7794740512093249,6.957695256608168,0.26419451739684063,7.214013354433293,-0.6012100148684496,-0.6892535516512023,-0.4043217277838057,0.9018175403446872,0.8599889690405584,247.0248853033264,250.32882329999995,7.525332542343534,9.466301246824571,1.2579246423409989,8.721503165984457,1.1589525269362266,0.921321109330854,
1441944,15999C80F3,22,65.75242462767889,41.353831416232794,10.785659583484684,-93.43216839645227,3.078697041849773,-8.067889825587624,8.132168659861893,13.19892409231834,0.3757555462307314,0.8489699252116651,12.231691346819087,0.8214863642048497,6.9748548393215835,-0.015200030986444681,0.00915808257256591,0.9998425318927,0.8360668121283472,0.7797462801230091,382.2413722069856,348.00287579999986,11.705599383347066,9.526832849716039,0.8138697163401439,13.030379391617856,1.113174897319268,1.367755643157552,
1441945,15999C80F3,23,81.13896433161355,44.71707148577921,11.099902214606345,-77.70333173432309,3.1229808660087643,-7.197560889866425,8.557766934611664,15.464564943303788,0.7522885619510709,0.9583982061006404,10.188577424254207,0.9012775669679264,4.4141210328514315,-0.6950549036390752,0.0744458236917131,0.7150919523125246,0.8566421835462932,0.7460569447036338,305.8860332009278,251.36116019999997,11.982003633217488,8.108242231874497,0.6767017003229883,12.300528883326757,1.0265836382511373,1.5170401341701245,
1441946,15999C80F3,24,56.16149511327142,36.81458616439545,10.927052773196769,-103.83885079632459,1.326164692155948,-6.9542201114346405,10.962831556885293,17.510606494143993,0.8274160189113131,0.9110366554412336,9.833772202247822,0.6789209583090012,7.220067337652417,0.24981298451524944,0.4264504918644588,0.8693293108806035,0.8315494079649337,0.7595888066295042,402.0801679495195,404.54263349999985,10.736352429746448,11.519235229606428,1.07291888050274,15.047388556119285,1.4015363834768089,1.3062836426366995,
1441947,15999C80F3,25,62.80319674705367,38.305825269839175,11.209119985454306,-97.0436648834153,1.462623366996701,-6.482644016746822,8.970419190369444,15.558173014680603,0.8614553151595414,0.9214124549800768,7.9009595601958384,0.6438115719080467,6.045688387473898,0.002626162105280205,0.3905911477102722,0.920560513275998,0.8572460556210839,0.7254617746994474,319.25742806847154,283.24421819999986,8.571579157515345,10.924419645399956,1.274493234519301,14.055058378878098,1.6397280035097124,1.2865725443636165,
1441948,15999C80F3,26,106.99468645581591,41.52830629400021,8.811641010822738,-53.34595683747686,-5.42314534785512,-3.001760105724907,5.8816949993298095,9.633027600847752,0.3970834047149929,0.7045737035857574,8.841024429036679,0.6341604361375509,6.835893245075591,-0.73236497123789,-0.5807406969033203,-0.3555021685784352,0.906796210557682,0.8790156099502091,257.77438193796644,267.3401435999999,8.930836220236031,9.115716750866364,1.0207013683905009,7.395482703081851,0.8280840137147198,0.8112892167671816,
1441949,15999C80F3,27,127.90882885709844,48.456615759208404,9.385098171268714,-31.39780518790277,-3.4208548263447303,-3.0356625606857652,7.642697470666738,14.305173159302766,0.7090664367658447,0.8971832315097971,10.087173827942216,0.7795499085363355,6.318001618983773,-0.8303404053079182,-0.41746339873267785,-0.3691329327378461,0.8587091838211104,0.8019265434056081,313.58284672250585,316.30474889999994,12.882746388258509,9.052752391769848,0.7027036098467818,7.687061521879849,0.5966943142563086,0.8491408125630838,
1441950,15999C80F3,28,88.04205586118843,53.22385170366622,8.80969583482881,-68.88240167700765,7.221126523666726,-12.734656039461033,9.100109313432641,16.38928767501233,0.5952749195472349,0.9382096280841166,13.169154900812252,0.9025007999825764,5.67179932027424,-0.999907677275668,0.0009132555320116207,0.013557392430400906,0.8252471796443637,0.734437747441728,449.86288836390787,397.85234129999986,16.044867281510292,8.57959361348339,0.534725121931691,11.43922754349626,0.7129524565577768,1.333306454692536,
1441951,15999C80F3,29,60.16068643511375,33.960205344538906,8.556832507140278,-100.59190196540064,-3.042822303071556,-6.59611240698897,8.862339829118184,14.504676268289074,0.8307339004059637,0.8789112341331622,8.07431420139574,0.5155570888167573,6.918518366228375,0.5864225567187717,0.5675310160893836,0.5779421517314435,0.8424941566732708,0.7592164848463675,301.5993684037209,285.22461959999987,11.129993197559171,11.394901216247964,1.0238012740876503,8.986781329218681,0.8074381690717922,0.7886668922065291,
1441952,15999C80F3,30,49.04661425861024,34.872661440354165,11.073691994518962,-111.21366892996332,1.1731439349156196,-6.901813864632064,9.089445259305792,14.435978103093408,0.7645078972660041,0.8432600852224492,9.30563880717126,0.5520050172981572,7.7594212022052655,0.4499006374798669,0.4294323422231392,0.783056370798398,0.8341126051013301,0.7914348088511174,352.17104495416976,355.33925639999984,9.791638643698489,12.08457469079147,1.2341728622275725,12.49659791315048,1.2762519500444185,1.0340949708948364,
1441953,15999C80F3,31,120.11835108927441,45.81137607342516,10.02312528816783,-39.61156590048663,-3.7157517958255486,-2.298718748779565,7.162118977501469,11.912465775733885,0.4946729764641682,0.8045362013718438,10.352876161180458,0.7300711804114866,7.074856455399627,-0.6400092422999328,-0.5597174811435408,-0.5264071723229043,0.8702002792209195,0.8449722120319842,310.9235357401217,324.93564719999995,9.760162768780944,10.290966200728974,1.0543846905551482,7.747768617996153,0.7938155132799961,0.7528708642972056,
1441954,15999C80F3,32,67.60408223024062,28.27383924915367,13.40904172832499,-94.88366391557895,-6.011415908349992,1.7636905232885718,8.521465905788736,14.607737306768437,0.7333052366403006,0.8420135832033864,9.931794363279993,0.6086545979498412,7.8802362721396335,0.4277552607290129,0.8629312481304571,-0.2690262030335821,0.8702140198391037,0.795636485437495,406.21566550040916,461.91575159999985,8.847070092579386,13.615417547566025,1.53897475718952,11.078658660168626,1.2522404077549945,0.8136848261513006,
1441955,15999C80F3,33,66.3232751198684,33.2273440800756,10.131285479298636,-94.83573391217196,-3.809532074821473,-3.899415805432209,7.575189558860142,14.831556317060715,0.8200622113286784,0.8873627299053396,8.487719741735926,0.5923463408390355,6.838415276172565,-0.6616391799747031,-0.7037577987418359,-0.25876351410592635,0.8710752456717941,0.7755435304414897,330.7619831580965,334.43267849999995,10.713195776561081,11.740208037259073,1.0958642296955825,9.231950496638284,0.861736375324761,0.7863532287792081,
1441956,15999C80F3,34,80.06126571428571,54.60034714285714,9.63175367647059,-76.30846052841773,10.236081101654543,-14.158463957012373,5.83434992021694,11.36725069449925,0.8557183901832766,0.9289778656018204,5.881890883553567,0.6987994155119434,4.207420514357668,0.8860550432591301,-0.2903574326106059,-0.3613848663721804,0.8592976826985343,0.7123144672215045,174.6068313018056,111.42683999999996,10.663215581848236,5.632975983326892,0.5282624120359891,6.0014684109276155,0.5628197577796127,1.0654170066926307,
1441957,15999C80F3,35,149.03404961022386,57.849755537721144,14.688672987926687,-8.770859891772332,3.2706816120582123,-0.6110761501214252,16.952910851309092,27.34381013568178,0.6362615221552577,0.9228112545479114,21.09502338857614,0.8663875769344971,10.534267655665543,-0.7559227967801861,0.05432737076007789,-0.6524026840029999,0.8572810067453037,0.7538875735039341,1519.716387599195,2534.7288608999993,27.208393977886782,10.400333860174023,0.3822472531317631,22.90202321366889,0.841726389006355,2.202046926721032,
1441958,15999C80F3,36,139.3630436197709,52.41773653275471,11.588347905166087,-19.38661526447845,-1.0800869744776236,-1.622883211651219,8.649986367025768,16.43471165835622,0.7255584661835659,0.9278737122692404,11.309719850576238,0.8404613377546389,6.1284150397934765,-0.9362249775412314,0.2717330999026386,0.222809142193994,0.8292697704848702,0.7572605061660281,376.9916994113627,366.80732549999993,16.167450871491724,7.033219876940795,0.4350234265651961,11.102027719763944,0.6866900544810247,1.5785128168910505,
1441959,15999C80F3,37,75.27054184890267,33.262825664610595,11.65014867858118,-86.19118325384048,-4.508755612366119,-1.2264742345137658,9.584472278051852,15.061350211613705,0.4190037541035092,0.8363856310949843,13.675472556203227,0.7972188972854849,8.255750713378117,-0.7845183082069299,-0.5942371160102463,-0.17723790239099976,0.8230016084455134,0.8104287878894503,480.60649762252257,540.0432890999998,14.724000166401765,13.185095500191302,0.8954832485181546,8.035845029611425,0.5457650732678045,0.6094643022869902,
1441960,15999C80F3,38,60.790398913289565,30.7289203696462,11.678020355239056,-100.8486364615658,-3.862741645535064,-2.1417467228999025,8.074995846437178,14.727437283318677,0.7868170513640893,0.8961859429567017,9.089572510758252,0.6951412702461865,6.534249677392897,0.6969922955845672,0.7031050664480415,0.1408723018582799,0.877352740263198,0.7873078082268257,335.16533231323217,341.21192489999993,12.46244875368667,11.297819563444865,0.9065489284441562,8.080220324977537,0.6483653802457744,0.7152017501785773,
1441961,15999C80F3,39,59.56399796729806,44.04201331308078,11.735425136258042,-98.80489736578717,6.876864241853446,-9.837836262510006,8.163745598337156,15.811762775423993,0.7648562655332292,0.9655776209197932,10.185952958151333,0.9148563774294644,4.112878034569098,0.8639495013681435,-0.373158371644138,-0.3381480278777795,0.8295798418242842,0.73992749195042,277.5843730633609,209.59482239999997,13.952716422413348,6.7320973553346395,0.4824936701587616,9.572391616002534,0.6860593540499144,1.4219033253310265,
1441962,15999C80F3,40,49.544702013176206,41.148161999002596,13.559930706842696,-109.27158364788279,7.489200313974288,-8.367118672916355,8.437130555619504,15.469282218688493,0.817761113626341,0.9237254873954944,8.903465771250211,0.7463646742749013,5.925587735952173,-0.4657703222194657,0.2941492947199103,0.8345862444081824,0.8453111174322133,0.7592335411832425,297.627997349687,267.55784729999993,11.790019791947616,7.84875961431502,0.6657121661216879,11.876511362250573,1.0073359987370023,1.5131704811789002,
1441963,15999C80F3,41,111.58204646956612,43.55720275691004,11.698042290276533,-48.48086938572954,-2.9566558496602515,-1.0681213749533018,7.604653975280991,13.05454653589932,0.5130799093096295,0.7796170596169377,11.205250508270822,0.6838604076514943,8.175495003733474,-0.7647922012367354,0.603459926314941,-0.22567455829010635,0.8130491258586805,0.7876284376944592,395.7906939791412,362.39706989999985,10.720498117250123,11.844548297931414,1.104850555299535,7.9408911418694625,0.7407203522653434,0.6704258315411062,
1441964,15999C80F3,42,74.032429543863,28.76220896963581,15.36282920633816,-88.58309470105331,-5.6411665816725876,4.118511681412384,9.248100519836678,14.038893790312668,0.4686123843687206,0.6375088056243448,12.402013388433216,0.4892741514302209,10.816168418825187,-0.5223387169013296,-0.5307498846198292,-0.6674330114714966,0.8091346509765385,0.8131653985289012,507.6248732467871,538.1939780999999,12.366775675577856,12.71061822769407,1.0278037348728857,11.964442901129372,0.967466639243484,0.9412951193090734,
1441965,15999C80F3,43,149.260612033814,63.5087352560915,10.387738687220287,-7.062887413384857,5.152076812566478,-7.253108968188359,3.5952961293698977,6.310710888840356,0.5069581270465248,0.728185105877825,5.4396477716648475,0.6064363304148226,4.325238284699973,0.2069586217625864,0.37684728154767255,0.9028589343126976,0.8240811278914177,0.8584818833920479,87.02981478214855,47.07549899999999,4.508500566026073,4.480189563268364,0.9937205280684565,5.878054774464491,1.303771550736565,1.3120102824792903,
1441966,15999C80F3,44,45.57061229001231,30.974015458543352,13.304238165042687,-115.59028338247386,0.047296378349533263,-3.4615988118374466,8.760051162303201,13.956191749518334,0.7627365629670165,0.8741233761988728,9.025599178344514,0.6602577906386161,6.778577404200016,0.6993397505387516,0.4546343677290088,0.5515718493506,0.8548506882534022,0.7607739045195996,315.5660790932403,298.62159029999987,10.721410221069547,11.437853789564436,1.0668236317538662,11.239661846513265,1.048338009157159,0.9826722786724206,
1441967,15999C80F3,45,33.712102892250364,32.947631149359005,14.736367164973608,-126.647500411673,4.594801786460625,-5.366472465567214,8.382074792799473,14.16519180116672,0.8775097071583441,0.9244429919640766,6.7930434332738034,0.6064154210997418,5.401474879157,-0.04115176717801526,0.4702460058858685,0.8815754227554861,0.8603936242928343,0.713052132098819,252.66212100307217,211.08363479999997,8.166790497418049,10.491623559384793,1.2846691197358064,12.184833144086161,1.4919977619039482,1.1613868030164678,
1441968,15999C80F3,46,132.68994060806034,57.56645486683949,11.835762362923017,-24.613008089630057,4.3297414715250735,-5.433315263869514,6.278466092864753,11.357441200598354,0.6669973329613532,0.8780324616260848,8.461976316374951,0.7663982382711295,5.435683654942813,-0.39534863902709577,0.093115842586416,-0.913799153796306,0.8397500657622492,0.7837087734976922,233.0120102077477,168.85145789999996,8.06681284591486,6.499784533459739,0.8057438120374039,11.175157553532731,1.3853250059212638,1.7193120011909628,
1441969,15999C80F3,47,26.97758438839798,24.42490304140416,14.437555101547876,-135.2405753971138,-1.071680624848517,-1.8836629808238703,10.868408629789505,16.365595931311287,0.808152166425229,0.8832408152879868,9.638906374877172,0.6050809349403544,7.674149935889507,0.326945030237273,0.6739545742349805,0.6624893803457492,0.8203186853904604,0.7555070480200224,374.54048113921954,348.89475869999984,9.954288782321695,13.936068272278915,1.4000064270818278,12.466830995836794,1.2524080090962644,0.8945730425729421,
1441970,15999C80F3,48,35.69324621570651,26.804123517062234,14.727156709248122,-126.21877314537072,-0.6075009938519083,-1.5691130617525593,10.600728236645226,18.19050700160149,0.8745419621053099,0.9503222467020692,8.821483632510061,0.7668255306264463,5.662118630858482,-0.4930104099420128,0.6213972779624339,0.6089385507829882,0.8608345391571601,0.7159633764056108,345.93606201112226,328.93156349999987,10.912964175946527,12.389825726127016,1.1353309262606823,13.132038797671337,1.2033429768436257,1.059905045313041,
1441971,15999C80F3,49,90.64971890223416,37.00620301738619,13.613557108810685,-70.42061576679558,-3.1922537629853647,0.7592139394013231,8.321339175872431,14.076944310750074,0.6998108722254575,0.7862035652195907,10.055557954014409,0.5015938921660447,8.699095484057384,-0.6071754790154374,-0.7263677585979567,-0.3220680315581706,0.8291635861781781,0.7776253932240327,445.24886446064886,445.93208639999983,9.701903810041033,13.343236760827606,1.3753214855643032,9.797067172562663,1.0098087307795345,0.7342346799484509,
1441972,15999C80F3,50,40.12805282105581,36.67602783240054,14.342366510361519,-119.50986828283192,6.135567180708176,-6.7451825235973715,10.871748013996642,18.574195582114488,0.7853882469684061,0.9500179203974548,11.49749160258401,0.8634984052353895,5.798777917965496,-0.6153277164274343,0.2915059166778484,0.7323906757585096,0.7836916518914001,0.7325377944648583,367.476342525944,309.51379799999995,13.693603685964248,8.898103140600996,0.6497999609643609,13.195404740944715,0.9636181273794144,1.4829458068130992,
1441973,15999C80F3,51,31.283432306451125,28.083078301012936,14.079963097977114,-130.16708627717958,0.8177524577958382,-3.5390165202687847,10.772503759731297,16.46250093324843,0.8179377467969667,0.9210658405014646,9.470987705169852,0.7361041627234856,6.410611109982599,-0.13381680849882654,0.5553987608660573,0.8207467807988261,0.8320991528511571,0.7602862560560864,312.90755254299995,313.37160119999993,9.953884513530395,12.423465262101262,1.2481022102691608,13.936132981266164,1.4000697880634103,1.1217589204985676,
1441974,15999C80F3,52,81.0770065661638,32.65589739422723,15.056731958190547,-80.79805542163922,-4.032412704320939,2.8201878095163786,11.17761121780212,18.35498868454788,0.753566358827475,0.9209685570802943,12.066052779932944,0.8054091932166109,7.1517809618997275,-0.8118492725133946,0.5325124607834588,-0.23943942413440866,0.8114204314189546,0.7185126273360909,466.6960488837937,463.8189032999999,15.88612404722609,13.53926353526174,0.8522697855696184,10.183111762363517,0.6410066881066318,0.7521171100512638,
1441975,15999C80F3,53,96.90608248264596,35.689307472437726,12.904923378089498,-64.65520856108675,-5.780855959815519,1.958246595274873,6.984609806374443,11.955951237326836,0.5380653761067543,0.7920293911100447,10.077708468096127,0.6895245427618264,7.298904492826844,-0.05401651725022676,-0.4782880070677198,-0.8765402433199202,0.8499302660991719,0.8192959264128874,298.2101673467062,292.37606909999994,7.092574820638447,10.31105892969033,1.453782186362916,11.708780616724276,1.65085048981835,1.1355555909984432,
1441976,15999C80F3,54,104.15881365235985,39.884303153782675,13.117491033693108,-56.60879899688005,-3.667018466121384,0.9422409997456312,9.014393341559472,14.570015308638078,0.7075729560297888,0.7781787395056607,10.295759971289922,0.4583474868918959,9.150594263132808,-0.5817643439061772,-0.6159448577407604,-0.5311894016093789,0.8172189166696711,0.7980635613745681,398.14790369871696,417.0711303,10.142493147302806,12.473690169583454,1.2298445745463067,10.10651566684482,0.9964527971638256,0.8102266073185875,
1441977,15999C80F3,55,38.78436114277145,23.525838797240553,14.450343243851233,-124.01055586891168,-3.912429619624652,0.5709783217310545,9.588987676862887,16.442998849762617,0.8424645396218626,0.8984156046492778,8.858695189197983,0.5792951367314103,7.22088076754194,-0.6528868792793387,0.6936699276166289,0.3042379897140183,0.8247393141719956,0.7546792611034485,334.132731614169,312.1824239999999,11.426580195133765,10.836397613931695,0.94835002501856,10.350411343802607,0.9058188160452884,0.9551524143499238,
1441978,15999C80F3,56,26.651694291584988,29.809749132046946,15.643360454405894,-134.2801096746141,3.938076375300185,-4.013587561520817,9.040124643091163,14.839057792479608,0.7130559361259096,0.9175354098935996,10.403769477086763,0.8235937296469109,5.900811953846631,0.4608202342285887,0.34363040692061536,0.8182682049090511,0.8358637678365065,0.7470344197947614,339.0120538421771,297.34814069999993,9.916426303495427,10.227513497436645,1.0313708975814766,12.54738270349556,1.2653129584669782,1.2268263157648585,
1441979,15999C80F3,57,55.249843124309045,32.44231940179339,13.922880327969539,-105.8641151257808,-0.18666266188535371,-2.2073825828303413,7.8885980329132055,14.411549736075616,0.8322881017965653,0.8557109183926257,7.98894631637252,0.358696249768968,7.4573165919460305,0.4158433753142432,0.6611402242208616,0.624474091635871,0.8670366125738375,0.7914748861602171,311.499754182124,304.91627039999986,10.73546055477958,10.4902743692021,0.9771610929660284,11.11983920894516,1.035804579803933,1.0600141443003024,
1441980,15999C80F3,58,32.35651267339218,21.40952924337957,15.53616204287516,-130.78630487211404,-3.7740333068731786,1.593268125846059,9.829291759750298,15.45344870321636,0.7563257942884095,0.8501175305362659,10.109571176006305,0.5933455266924192,8.137677863464788,-0.05581910282115226,0.9486841739866048,0.31125964368609554,0.8171298623838071,0.797709265657351,354.51772358035896,371.26673999999986,9.186337366151688,14.731139639067681,1.603592275344314,10.909131395659658,1.1875387285313337,0.7405490452841899,
1441981,15999C80F3,59,55.95130373191165,39.41738728103579,14.339250489609402,-103.50028192765187,5.42402196537082,-5.707310245005092,9.743285696413844,16.940579767918347,0.6521525306066117,0.9259063380340176,12.842446448263983,0.8670061740893704,6.399357613523767,0.6028692853418377,-0.2926445677345282,-0.7422316227208949,0.8143861432196353,0.7322762307456767,492.68298757100024,430.3042379999998,12.197250115883405,8.458904531180996,0.6935091476205535,16.467508943128664,1.3501001280349638,1.94676614240373,
1441982,15999C80F3,60,21.4382655467995,27.022754527526573,16.71805314393017,-140.04091311868825,3.3216358810730995,-2.4213289847442105,11.222503188920527,17.313842078142713,0.7700333587623098,0.9291097880092176,11.046294020474386,0.8148820554222993,6.402728135679343,0.6721601377441292,0.258085060895755,0.6939689118182655,0.7944637084588759,0.7083517950026456,366.6157941317523,297.94272929999994,14.196445190464175,11.74793381639718,0.8275264447390202,12.722298719533255,0.8961608732923431,1.082939257095244,
1441983,15999C80F3,61,36.96599956172388,31.72492253469686,15.114479775383492,-123.79929596539554,3.2648634742329863,-3.8351904680222213,11.954429561869473,21.481285259385338,0.9111538530888308,0.9668652754895946,8.851714267960336,0.7849735169120953,5.483896517027388,-0.5684280310250727,0.31606343075310417,0.7596008697240523,0.7798478763777467,0.6250279156792291,333.4558007959318,256.3753679999999,15.41668740250627,10.033417408715264,0.6508153889845457,14.93282666021343,0.9686144805521464,1.4883091225968952,
1441984,15999C80F3,62,61.37979496831454,47.385305320049035,13.332226140935544,-96.27399532345991,10.121087279728858,-10.1445044446867,8.324464004401502,15.470975001778648,0.8874929751650179,0.9211318510543818,7.129353948076444,0.5352571645375691,6.022087958874925,-0.9612274581775984,0.2757560488267457,0.0006125201181557597,0.8814616336411154,0.7378459983674716,311.56121393280733,271.13708339999994,14.8407061984895,7.057969124573273,0.4755817567018233,7.294708899723954,0.4915338126204814,1.033542194783261,
1441985,15999C80F3,63,16.78028677247895,22.82975897272882,16.498896659298744,-145.57058512047527,0.7351201757316249,-0.9865218172107468,12.208377803899054,18.526815022280513,0.8192485691380452,0.9377966645079664,10.623990125669195,0.7958878384931072,6.432232055062097,0.7401863747594993,0.5003468601048134,0.4491961155259964,0.8002950811651744,0.7339554752252628,370.9965330678174,316.65588389999994,16.215457990675983,11.390803398490494,0.7024657215997411,10.519065876527623,0.6487060607585778,0.9234700581279109,
1441986,15999C80F3,64,45.69705617686484,25.177118343770037,15.24521104369168,-116.92723244212848,-3.3969747742607943,1.410458594497734,9.214631211025893,14.397159982560188,0.7454947590114249,0.7545984435414265,9.44722713350895,0.1753315538825853,9.595872529976148,0.5638385299544868,0.7778348052869447,0.2775952590066772,0.8239625947971976,0.7996313289266074,355.08894736662864,361.48880069999984,9.333157598893235,13.106415580347715,1.4042852530318275,10.564733430504301,1.1319570379650623,0.8060734352377386,
1441987,15999C80F3,65,50.71096632200733,28.541642416373985,14.634116101401224,-111.23180926805908,-2.0164765179499184,-0.16724024868598875,7.891836597323476,15.387918803084045,0.7551804838867151,0.8429325870246568,10.087041190068733,0.5712794612648828,8.27899568063204,0.22258242751532573,0.8357188003141505,0.5020270408681808,0.8567227962888166,0.8404259510851801,393.55060150189314,452.56853789999985,10.493753130685404,13.269768920735753,1.2645398415113116,9.421334009950296,0.8978040451895914,0.7099847831734454,
1441988,15999C80F3,66,29.018691078113818,33.45443322256341,17.411425251335547,-131.1460120979478,7.420605275138213,-4.262332159393321,10.449042111183637,17.730439069336914,0.6151248509688678,0.9369873630154624,13.979205047286543,0.8964658945318417,6.194363845072153,0.8090080643283537,-0.16625308187159593,-0.5637959423584802,0.7686959045454904,0.7299306885094456,450.4244637467419,333.90129419999994,16.44576629934606,8.094776368042924,0.492210348894767,15.953560438943164,0.9700709683304652,1.9708463475193272,
1441989,15999C80F3,67,112.29897731776865,40.80085104030118,14.357036089039097,-48.525455869209935,-3.690680870876016,2.7582257031794226,10.09176745046918,16.925856046556238,0.6865466249762948,0.8900617794513803,12.30654924875138,0.7790667053989946,7.715480793680978,0.3955104575838694,-0.41821572206661417,-0.8177206660945402,0.7551680099900288,0.7283537515858373,422.0065697144992,376.79828669999984,14.052017142146148,11.112496298971038,0.7908114676035641,13.133936779277933,0.9346655819174442,1.181906965448805,
1441990,15999C80F3,68,130.46666135216762,47.59706395387368,14.498690862785569,-29.261195764332054,-1.5489175221725568,2.0002998591480114,9.010538135187662,17.118336043072468,0.9007087459940035,0.9354555513555904,7.43660701544657,0.581433332823,6.050379225837167,-0.9546292104522236,0.29209668994635457,0.05798788040399179,0.8282044402832953,0.7103187102183505,299.2066847503316,247.25288069999996,16.75990923295344,7.701106486688082,0.4594957156179652,6.361801924527729,0.37958450944466415,0.8260893334645564,
1441991,15999C80F3,69,22.24791579761459,21.819285222288013,18.078824634756447,-140.55589653268586,-0.12099075820208327,1.7579579514819468,9.734257248590161,17.66485946823317,0.75347756187679,0.9276983315617432,11.614179138344689,0.8231485309499916,6.594834210029178,0.6861425243459912,0.6231228920308671,0.3754015153288532,0.8964627404917218,0.7610552466163912,497.12137580614024,581.1494930999999,14.642716160288785,13.609335657053402,0.9294269934673784,13.678336111875904,0.934139265020496,1.0050700825199166,
1441992,15999C80F3,70,100.36833733177616,36.439522544450384,16.64342821903754,-61.21424155542168,-3.615330502485777,5.120001693313532,7.268156573186929,13.474512715024446,0.8071914693092198,0.8534728542772947,7.953866090435213,0.4696549399831934,7.022071195297345,-0.7190344176504663,0.6904140842022014,-0.07948520975181753,0.7984684476000685,0.7368320341047296,266.30320286817704,214.47091709999995,11.072754752823307,10.571412979700174,0.954722940739268,7.793665644463227,0.7038596824765774,0.7372397293937021,
1441993,15999C80F3,71,118.85225738341728,43.07639741278367,15.193110049625485,-41.64006817093997,-2.5942146086548967,3.218452343042649,9.500065335879967,17.180292757957886,0.8173944149679411,0.9120913129196786,9.897196270824168,0.7024974382640717,7.043698713613567,0.919023491518874,-0.3147411354717611,-0.2373475082624737,0.8158388878245759,0.7483475676663114,429.2361343199822,377.84232809999986,15.92478725291209,9.947246637921987,0.6246392168349366,8.748882751301402,0.5493877319900482,0.8795280814640656,
1441994,15999C80F3,72,40.607754779362935,32.33582948770821,17.17579160929101,-120.17389196524073,4.300097226224003,-1.9196404787382129,9.954632962762485,18.393243163583925,0.8513953566796184,0.9506201653653988,9.647706595280805,0.8061644149439716,5.708466842181678,-0.6229302901461623,0.3506389799116175,0.6992926135638488,0.8387437513812382,0.7022585909007639,390.8888718664675,334.8961767,13.037692339375324,11.855795160819412,0.9093476707540912,13.712649454343724,1.0517696765193598,1.1566199709371476,
1441995,15999C80F3,73,62.11016047962983,29.062270823579674,16.909475666240915,-100.11175429776743,-2.3324886246664907,3.2436916381994645,9.761836592725787,16.232843561771382,0.7146115254081055,0.8120793291236857,11.355223527688176,0.5514486242720082,9.472628024299032,0.027617540140332787,-0.9433758567409816,-0.33057414356663745,0.8016084543490641,0.7414391311025794,510.14323559746117,515.0050226999998,11.099047808496225,16.388550858130234,1.476572688116988,10.383213358779008,0.9355048773490956,0.6335650692158652,
1441996,15999C80F3,74,30.747527011474208,17.85750542322045,20.26378736093189,-133.33414250195446,-3.4943229800216606,7.159814161961113,9.955047371430744,17.508048910627693,0.814972660040712,0.9083829637119082,10.145903971599402,0.6923598075020351,7.320801578896122,-0.0150298830619986,0.9831132499831596,0.18237993399135746,0.8166598387136164,0.7357781854004879,410.7056014486605,402.72375419999986,8.064560507671217,16.23676025199991,2.013347191896581,11.915669192275413,1.4775348490399347,0.7338698735055681,
1441997,15999C80F3,75,40.55764804858961,28.27600328354146,18.701085652795264,-121.2490495616766,2.0108158197208352,1.603773802370723,8.848094117837663,14.622087758053816,0.6715931855909126,0.8724827866968211,10.83379870894527,0.7516950399528783,7.145007841610282,0.10552751944290403,-0.5745292743413043,-0.8116526692896917,0.7877089026468835,0.7806231202069134,313.3521539901451,275.18684039999994,10.908256544747786,11.48924482793976,1.053261332900326,11.79281145704459,1.0810904023634011,1.026421808713364,
1441998,15999C80F3,76,52.70114778301775,24.80101303410195,18.780962805412713,-110.32011711145987,-2.879877918910614,5.626965774769856,8.862637016677319,16.303544274441204,0.7772314250092793,0.8496519285267629,10.258431964528157,0.5455191772308731,8.597574799021059,-0.5636801043356839,-0.7726774614849254,-0.29194910599165,0.8723745547031221,0.7820026036490294,493.9192620325052,592.6737437999999,12.642523222530427,14.618118083792567,1.1562658676981032,9.703421687064267,0.7675225519674471,0.6637941786653555,
1441999,15999C80F3,77,92.15195388689828,33.87915189281819,18.093317174197928,-69.84178232980324,-3.287912581688213,6.3947449854406475,6.789438708085744,10.767399397165429,0.3394711917528864,0.7570046101025925,10.127993019355127,0.7193372921670391,7.03552143206236,-0.8538741707258221,-0.4939132185174082,-0.1641603884652591,0.8220527288245837,0.8102431744073707,290.9241574759433,255.44603069999997,11.127615853239265,10.773127969928915,0.9681434111326592,6.773090281009319,0.6086739846467348,0.6287022951843771,
1442000,15999C80F3,78,26.398132133420035,17.46088431581423,18.88588516663669,-137.61168881270711,-3.82993230687841,5.558838676758207,9.599140149459997,15.147223369259484,0.7562469982261317,0.8706299810554383,9.91061975318434,0.6593109397967081,7.4515015475733515,0.46090582002881497,0.8820218110362198,-0.0979966832089347,0.8246040801452471,0.7988135465882339,348.6521925077056,338.41454939999994,9.828413322227052,14.383638129872955,1.4634750959592044,9.435041875325174,0.959976098480488,0.6559565660741851,
1442001,15999C80F3,79,39.52445906485828,21.918916781203805,18.322889383055422,-123.78541848973637,-3.0306122175492334,4.730096994005401,7.783611531788762,14.745119336923034,0.8962293131176632,0.9388918461442136,6.540802946911883,0.6307727403142023,5.0754513073547365,-0.008555200333222445,0.9900435003029904,0.14050151620200055,0.8557042121724133,0.6814121939692045,235.07535256574573,180.5348898,6.751502357292863,14.211475444324448,2.1049352710324456,6.743311726435045,0.9987868432203136,0.4744976517640946,
1442002,15999C80F3,80,123.64424073755941,43.374004237530784,16.24427933344786,-36.94879347746069,-2.609288239023842,4.68417594855341,10.663741229397722,16.342263096424936,0.802503713774111,0.9137350600291568,9.750564259716818,0.7322930303308456,6.640033445058059,0.6036189810969321,-0.3953776290916785,-0.6923298751847593,0.7703641987309395,0.7011527259677737,307.45318656782024,245.27482019999997,13.701733582101538,8.775875425614387,0.6404938012426574,12.033888637918439,0.8782748960787129,1.3712465200673658,
1442003,15999C80F3,81,43.49207907328129,21.92228312407813,19.49102061373529,-119.968082900422,-3.059044555176992,6.321854210519164,7.643547069084426,13.948059318070936,0.8653003448898356,0.913004846614342,6.9915169165882896,0.5810656505079319,5.690092806973988,-0.08761809094242255,0.9784168383774184,-0.18714582688145154,0.843337900102397,0.7166705732247547,245.99359763722885,195.20999189999995,6.186356354521124,13.959677323467679,2.2565265438137336,6.288660453498349,1.0165370523640236,0.4504875225823775,
1442004,15999C80F3,82,17.59042584913572,26.874845481592907,20.302000951804107,-143.90252144353428,6.014036983109888,-0.07369469346678059,9.75298753194926,18.211846263699485,0.7034088057467299,0.9595044678668088,12.944716572586069,0.9181155450635264,5.1301570410595945,-0.8375737839065789,-0.5445832069751577,-0.043580812212121206,0.7933323703907409,0.7263184851410408,440.6967219644616,351.69915689999993,17.143597652778112,9.000515855393596,0.5250074131280762,12.263373770253814,0.7153325701310157,1.3625189897204544,
1442005,15999C80F3,83,13.5103400513541,19.077324475558356,20.726883690228192,-149.76453841356698,0.8637692609080307,4.01781587488261,8.95732588773393,15.120805411787762,0.7112968878050152,0.7562692366256245,10.628288572535483,0.3654964906964704,9.892946169882373,0.7870799513039084,0.5638569777578075,0.25014087808526736,0.7813828383112639,0.777784291468145,404.59934028463937,386.54813519999993,11.811523090024565,13.348488501325262,1.1301242354255518,9.44278304706888,0.7994551570613101,0.7074046657890429,
1442006,15999C80F3,84,18.56493446593422,16.909786205202007,21.649108427814244,-145.41413187686857,-1.2160647844777888,6.8188690027410255,8.281005198330867,14.664045048781473,0.6969455571766792,0.8569270994900284,10.515939244337368,0.6952618020587747,7.558400565553466,0.5946012480359785,0.8027599238285049,-0.0450095604167565,0.8110104164225277,0.7779036577339195,357.69422329980864,333.44950049999994,9.982088747187222,14.038279439962974,1.4063468874606753,11.049787749160064,1.1069614816111208,0.7871183784605732,
1442007,15999C80F3,85,60.092434624459294,24.8061035194652,20.731470581006686,-103.20313341212432,-3.0666814077473523,8.410717765898264,8.285062464810716,14.488441747557886,0.7459873100114337,0.8522816206241504,9.64872496906745,0.6189159715043997,7.578660541904387,-0.0966132003971602,0.8426645720563365,-0.5297002062583415,0.7972519608853768,0.7297813643206317,328.0459758497289,285.73961759999986,7.835822216725376,14.393292973034336,1.836858031606715,9.423526781238408,1.2026213102594536,0.6547165265720133,
1442008,15999C80F3,86,6.325859163346612,21.896490793966986,22.865714641434263,-156.10265101916642,5.646135451588004,2.9707416579264336,7.596327674352818,13.607009263266425,0.7100802957088886,0.9319231720095305,9.58097701758268,0.8571615090284341,4.934660308406514,-0.9346252748063184,-0.041913811075782056,0.3531555296669124,0.922864862923234,0.7884519491565813,316.9488111932129,329.03690399999994,13.461217524541835,6.635614064191102,0.4929430827555808,9.092508213645694,0.6754595709540148,1.370258747071074,
1442009,15999C80F3,87,36.47290820171839,21.33584363642454,21.930573048386286,-126.98123266116707,-0.8112501173685356,7.473912228592455,8.596062724050917,15.181195226096847,0.8133475441013828,0.8484164535875047,8.832087108310189,0.4149429831560109,8.035851634973529,0.4228604083325306,-0.88809704565494,-0.18020186614964012,0.8645253918558745,0.7786076433349741,405.972098814932,419.30434889999987,9.011060465626826,14.91577615207018,1.6552742275969856,8.212635752734545,0.9113950332551962,0.5506006304334825,
1442010,15999C80F3,88,5.752314345088931,18.417204724650077,21.60382999205428,-157.47083819064795,2.266933073627868,3.828525565222172,7.151887304932063,12.891955971247961,0.7518141693898616,0.9255448780027076,8.500634094977089,0.8186887155735856,4.881383467587077,0.7310003071353421,0.11199841785872264,-0.6731232467870787,0.8037851259681784,0.7607522946964986,217.65397006009442,153.19785959999996,11.210997940957155,5.885964547836752,0.5250170037346584,9.411524804063577,0.8394903695129973,1.5989774874744294,
1442011,15999C80F3,89,69.30550337345889,26.94286530433938,22.03953742355111,-93.784767368716,-2.2836068357705193,9.766667931189225,8.419075015986703,13.905539623000426,0.8588591246126317,0.8701100748039292,7.122582512034263,0.27229432316112184,6.853448682436572,-0.4548794774154768,0.7105142787741631,-0.5368930253637624,0.7977265838875693,0.7366359961733809,245.6743696711094,192.90888719999995,9.403069318170694,11.746764545671027,1.2492478942988676,8.893700914911095,0.9458295598996294,0.7571191948500103,
1442012,15999C80F3,90,125.46472694449609,48.43568134224664,22.02627832361405,-34.10621231919187,4.452783822464923,6.7849205835171675,13.326115848116462,25.284931156986765,0.4774332967309294,0.9467319695392444,22.2170597883907,0.9304221687490628,8.142320172670296,0.9837476291641436,0.06678301133896583,0.16667522764474155,0.8092672258024167,0.7361476982580726,1066.7932386299424,1283.7355145999998,23.493540111555376,9.165351198044494,0.3901221848441856,22.091609360458442,0.9403269688416436,2.4103396458143216,
1442013,15999C80F3,91,12.736418654318829,15.794235535630447,23.272904795220427,-151.37976756898362,-0.08133258300947332,7.806967239429486,7.238161818747897,12.69974877000417,0.4949721273530195,0.8039218462593587,11.034924124868784,0.7290486859075506,7.55298449624323,-0.5814507920053531,-0.31928089619251954,-0.7483145634042206,0.7566712481438929,0.7717797085642066,335.75939384831827,254.28962609999996,10.172225729991766,11.26146792080875,1.1070800255253344,10.480419437763064,1.0302975686886913,0.930644167479936,
1442014,15999C80F3,92,15.03444934306157,26.57954258456936,23.597692247985435,-146.53964577048382,8.186370380336694,2.336355869451541,6.5967140955335495,10.69096839934796,0.4100453784095974,0.915303552628406,9.750859402583878,0.8972137935744603,4.305944719619758,0.97215497580577,0.21533610746895165,0.09243951447407432,0.8386915972864035,0.7638793421806982,235.9267929571353,165.87383309999996,10.860080328821228,5.238927775239989,0.4824023042754631,10.059162226467887,0.9262511806447872,1.9200803404866735,
1442015,15999C80F3,93,23.481397601951894,15.920379714186124,23.471427500871386,-140.9351705408925,-1.8128765838554008,9.656844126534057,8.310184598072038,14.663898624803831,0.7382107684106731,0.8603382143573672,9.891828013752217,0.6550018164829724,7.4745353196147715,0.5342919467464844,0.7934051992599076,-0.2916167097907766,0.8133615644702424,0.7644747718377805,371.923532360233,335.80210499999987,10.593624793977911,13.8870031124779,1.3108830435803385,7.732262999987559,0.7298977592998263,0.5567985358223103,
1442016,15999C80F3,94,36.5107356352846,18.086608308605346,24.17121919579809,-127.79304864356146,-2.05674582234794,11.13029726682308,9.162010925573679,15.56453017274317,0.7633482831143408,0.8744186549303109,10.054486495827579,0.6602391655913611,7.551476580068706,-0.4522700177781132,0.8447666126666015,-0.2860440545489125,0.7773026322052043,0.7162038096460202,370.88167756240995,295.04235419999986,9.509629498913439,14.154751722270156,1.4884651104322686,9.187950218126758,0.966173310871529,0.6491071265962964,
1442017,15999C80F3,95,57.520950067668636,21.781726191324168,23.433274271671767,-106.50267520088016,-3.3904273360181163,11.884526452320108,6.785098893908224,11.047051555635962,0.6083085691188806,0.8005838750130867,8.76805174228701,0.655758535684931,6.619622074511152,0.7393226846281413,-0.6354580353341697,-0.22269946861965104,0.8172486862931088,0.7931784502013225,242.43846621350937,197.1833706,8.833593124402993,10.830788719628911,1.2260909651485554,6.204889491077787,0.7024196613648238,0.5728935954435627,
1442018,15999C80F3,96,100.49329859293849,38.89758777140471,22.61487166728127,-60.653329070182345,1.8154783461785755,8.570730495392576,9.94034734729286,18.305133951779162,0.8109358773052281,0.9120671097255224,10.710975097241327,0.7133941878277359,7.505854664570412,-0.8994261592430164,0.033514236612518206,-0.4357859337032763,0.8548345675548973,0.7783632530502598,505.2040974227089,526.8874310999998,17.081693245535632,9.261884736397427,0.5422111615789644,11.87062489579248,0.6949325646563121,1.2816640709361462,
1442019,15999C80F3,97,63.98196077806439,24.342483929763056,24.351244235730015,-99.63962542112463,-2.00439754289894,12.234208569277635,7.013628328553878,12.475273251773837,0.6652927863010881,0.8341682815988989,9.313821354114179,0.6740204577291643,6.880237927044349,0.567301842299641,-0.7622250558331289,-0.3117396092632707,0.7985067330030673,0.7861273798974426,279.73653223591043,235.03338269999998,9.964113702259525,10.503181532120028,1.0541009311985532,8.123989897347615,0.8153248889066138,0.7734789570668135,
1442020,15999C80F3,98,131.72095826593335,43.94229472662568,26.908607532304412,-29.26009831652559,2.6565593830719236,14.298697860179956,7.882393993955628,14.35762506642548,0.7238559145761286,0.9523222379396606,9.906060191659106,0.8969181856649816,4.3804254100092015,0.9778076804843172,0.048830875004570416,-0.20373435064359569,0.8736473933525954,0.7518211642757225,285.78093991719885,246.01454459999997,14.331545376374507,4.5610413766791496,0.3182518881877182,10.720359502580797,0.7480253678890251,2.3504192611350936,
1442021,15999C80F3,99,148.24572374830987,48.83055815862827,27.96921765241181,-12.076717551385894,4.135089403370723,15.094475413503305,11.792934951384089,22.543824289825483,0.7123177383160121,0.9657993510525759,15.822543955783587,0.9292565711186148,5.845401650677732,0.7262166220206931,0.10788051045428064,0.6789486087805009,0.8751664204935515,0.7370085424032795,727.6108962889723,815.4501740999997,21.292137395724595,5.869470705973589,0.2756637624906629,16.182660956233693,0.7600298953304298,2.757090335209268,
1442022,15999C80F3,100,27.198246116862677,16.734171329530433,26.301846606944824,-137.20793850321778,-0.1784032000039275,12.09092097142556,9.756882352431619,14.012394990213293,0.39768330273756,0.8357028730177289,12.856691139356187,0.8010865788093411,7.695353050354853,0.5922856879745519,-0.7721879042669518,-0.2300510906827535,0.7679324666747299,0.7258197135891515,434.202706601996,352.50910829999987,12.289397362816914,13.972746372748224,1.1369757165656058,11.273178177997803,0.9173092744243256,0.8067975956383542,
1442023,15999C80F3,101,2.6045380733579453,15.013165467052664,25.803330588828977,-161.46093018270236,2.6309994122571414,8.632524480966095,6.082021200509202,10.24184471988367,0.6127185084714323,0.7019741786210564,8.09414244873041,0.4334483708381355,7.2942663466685,-0.02985831767004208,-0.9701739367406456,-0.2405639485356703,0.8043409946016202,0.8092059830411962,205.7543246722884,176.27445179999995,8.155478897140227,10.747188278643346,1.317787516121453,7.177421605818863,0.8800735917955318,0.6678418038029285,
1442024,15999C80F3,102,22.173921462595207,31.52899169293785,25.528299525968198,-138.46506543422694,11.9269542503313,2.2619395500163786,6.094521620424884,10.826565708048983,0.11764068718408235,0.8717159544385945,10.902268593287607,0.8697810599686695,5.342237260962674,-0.5800796196134783,-0.5591288686548018,-0.5923533937995831,0.8315440772369312,0.8131350438116257,263.3456576167611,203.45698259999998,10.219042693628523,6.5379890584603215,0.6397848853823358,8.677357343108746,0.8491360299843933,1.327221147897155,
1442025,15999C80F3,103,7.321713581020241,24.356464315076536,27.58914183925146,-154.66387976665473,10.185352757019967,5.555195908992301,4.155355177476986,7.457691300620453,0.569025639134389,0.8715622175885478,6.132607076111503,0.8028198147295815,3.65639356820369,0.869027663968593,-0.35970424132966017,-0.3397113157178373,0.8551031781962914,0.8338054071887238,104.77289913611223,59.79360869999999,6.968952909774373,4.4732986956677125,0.6418896430471851,5.181360490785291,0.7434919646993343,1.158286276702989,
1442026,15999C80F3,104,25.65206079313592,28.08428460814063,27.45606231034844,-135.98012236516377,9.719557069033606,6.340197153829753,5.181135909368606,9.352484713735349,0.8022320423386714,0.8306614508534467,5.583548910125773,0.3608938851019517,5.207256161546066,0.0039097068327540365,-0.268665643754978,-0.9632255634368334,0.9174009787393184,0.8338304421215725,169.61978340829168,134.23188779999998,5.820560853226907,7.052349643807024,1.2116271647425891,9.443873614082644,1.6225023416509732,1.339110238582076,
1442027,15999C80F3,105,146.5147102133283,43.281765716443275,32.97178119690391,-15.235255549566958,3.026523439468475,21.99417588954892,6.561752983032677,12.570748906149635,0.8316780501753607,0.9193213824138085,6.980010869075907,0.7055170214532394,4.9466846664929935,-0.9702541729760809,0.06778182269513586,0.2324058182030449,0.8238936010458529,0.7039167852301662,167.733009019631,148.79696759999996,12.636667104476288,4.8529027298419365,0.3840334393332948,7.625728700967716,0.6034604407887308,1.5713747267331062,
